"NAME","OCS_EXTERNAL_ID__C","NAMEROLEREFERENCE__C"
"RIMINI","F236","Rimini"
"NUORO","F237","Nuoro"
"PRATO","F238","Prato"
"CASTELLAMMARE DI STABIA","F239","Castellammare_di_Stabia"
"MAGLIE","F240","Maglie"
"FRANCAVILLA FONTANA","F241","Francavilla_Fontana"
"LATINA","F242","Latina"
"ROMA TUSCOLANA","F243","Roma_Tuscolana"
"AVELLINO","F244","Avellino"
"BATTIPAGLIA","F245","Battipaglia"
"PALMI","F246","Palmi"
"CROTONE","F247","Crotone"
"REGGIO EMILIA","F248","Reggio_Emilia"
"BAGHERIA","F249","Bagheria"
"POZZUOLI","F250","Pozzuoli"
"CASTELFRANCO VENETO","F251","Castelfranco_Veneto"
"AGENZIA AUTORIZZATA DI BARCELLONA POZZO DI GOTTO","F701","Barcellona_Pozzo_di_Gotto_Borg"
"AGENZIA AUTORIZZATA DI VIBO VALENTIA","F702","Vibo_Valentia_Borg"
"AGENZIA AUTORIZZATA DI SIDERNO","F703","Siderno_Borg"
"AGENZIA AUTORIZZATA DI CASSINO","F704","Cassino_Borg"
"AGENZIA AUTORIZZATA DI PONTEDERA","F705","Pontedera_Borg"
"AGENZIA AUTORIZZATA DI MACERATA","F706","Macerata_Borg"
"AGENZIA AUTORIZZATA DI ROVIGO","F707","Rovigo_Borg"
"AGENZIA AUTORIZZATA DI AUGUSTA","F708","Augusta_Borg"
"AGENZIA AUTORIZZATA DI ALCAMO","F709","Alcamo_Borg"
"AGENZIA AUTORIZZATA DI CREMONA","F710","Cremona_Borg"
"AGENZIA AUTORIZZATA DI CERVIGNANO DEL FRIULI","F711","CERVIGNANO_DEL_FRIULI_Borg"
"AGENZIA AUTORIZZATA DI ALTAMURA","F712","ALTAMURA_Borg"
"AGENZIA AUTORIZZATA DI SOVERATO","F713","SOVERATO_Borg"
"AGENZIA AUTORIZZATA DI CASTROVILLARI","F714","CASTROVILLARI_Borg"
"CERIGNOLA","F252","Cerignola"
"SAN SEVERO","F253","San_Severo"
"GELA","F254","Gela"
"ANDRIA","F255","Andria"
"L'AQUILA","F314","L_Aquila_Succursale"
"NAPOLI BERNINI","F401","Napoli_Bernini"
"MILANO CENISIO","F402","Milano_Cenisio"
"MILANO ZAVATTARI","F403","Milano_Zavattari"
"BOLOGNA INDUSTRIA","F404","Bologna_Industria"
"PALERMO LIBERTA'","F409","Palermo_Libert_Punto_Vendita"
"GENOVA SESTRI","F411","Genova_Sestri"
"ROMA APPIA","F412","Roma_Appia_Punto_Vendita"
"GENOVA CANTORE","F413","Genova_Cantore"
"MILANO PORTA GENOVA","F414","Milano_Porta_Genova"
"PORTICI","F415","PORTICI"
"MARSALA","F416","Marsala"
"CERNUSCO LOMBARDONE","F417","Cernusco_Lomb"
"VIAREGGIO","F418","Viareggio"
"VITTORIA","F419","VITTORIA_Punto_Vendita"
"TRANI","F420","Trani"
"SCIACCA","F421","SCIACCA_Punto_Vendita"
"CORIGLIANO CALABRO","F422","Corigliano_Calabro"
"AGENZIA AUTORIZZATA DI ISCHIA","F700","Ischia_Borg"
"AGENZIA AUTORIZZATA DI FERMO","F715","FERMO_Borg"
"CARICESE","F800",""
"VISIANT","F813",""
"ENGINEERING","F900",""
"FIRENZE RIFREDI","F405","Firenze_Rifredi"
"BARI AMENDOLA","F406","Bari_Amendola"
"NAPOLI MUNICIPIO","F407","Napoli_Municipio"
"CATANIA CORSO PROVINCE","F408","Catania_Provincie_Punto_Vendita"
"DIREZIONE COMMERCIALE","200",""
"Name","OCS_External_Id__c",""
"MARIO ROSSI","C100",""
"MARIO VERDI","C101",""
"MARIO GIALLI","C102",""
"MARIO BLU","C103",""
"MARIO ARANCIO","C104",""
"GIUSEPPE ROSSI","C105",""
"GIUSEPPE VERDI","C106",""
"GIUSEPPE GIALLI","C107",""
"GIUSEPPE BLU","C108",""
"GIUSEPPE ARANCIO","C109",""
"ANDREA ROSSI","C110",""
"ANDREA VERDI","C111",""
"ANDREA GIALLI","C112",""
"ANDREA BLU","C113",""
"ANDREA ARANCIO","C114",""
"ANTONIO ROSSI","C115",""
"ANTONIO VERDI","C116",""
"ANTONIO GIALLI","C117",""
"ANTONIO BLU","C118",""
"ANTONIO ARANCIO","C119",""
"CARLO ROSSI","C120",""
"CARLO VERDI","C121",""
"CARLO GIALLI","C122",""
"CARLO ARANCIO","C124",""
"GIACOMO ROSSI","C125",""
"GIACOMO VERDI","C126",""
"GIACOMO GIALLI","C127",""
"GIACOMO BLU","C128",""
"GIACOMO ARANCIO","C129",""
"Nome TEst","",""
"BRESCIA","F204","Brescia"
"QUARTU SANT'ELENA","F205","Quartu_Sant_Elena"
"CATANIA CORSO VITTORIO","F206","Catania_C_so_Vittorio"
"GENOVA FIERA","F208","Genova_Fiera"
"CATANZARO","F209","Catanzaro"
"LECCE","F210","LECCE"
"MILANO DE ANGELI","F212","Milano_De_Angeli"
"GIUGLIANO IN CAMPANIA","F213","Giugliano_in_Campania"
"PADOVA","F214","Padova"
"PESCARA","F217","PESCARA"
"ROMA GARBATELLA","F218","Roma_Garbatella"
"ROMA PRENESTINA","F219","Roma_Prenestina"
"TORINO POLITECNICO","F221","Torino_Politecnico"
"UDINE","F222","Udine"
"VERONA","F223","Verona"
"ASTI","F224","Asti"
"LA SPEZIA","F226","La_Spezia"
"REGGIO CALABRIA","F227","Reggio_Calabria"
"IGLESIAS","F228","Iglesias"
"CAPUA","F231","Capua"
"RAVENNA","F234","Ravenna"
"Filiale di Padova","",""
"BASSANO DEL GRAPPA","F11","Bassano_del_Grappa"
"VARESE","F12","Varese"
"MONZA","F14","Monza"
"PAVIA","F15","Pavia"
"MILANO MONTE NERO","F16","Milano_Montenero"
"MILANO LIMA","F18","Milano_Lima"
"MILANO LA FOPPA","F19","Milano_La_Foppa"
"IDM Group","IDMMock999",""
"MARINA DI CARRARA","F22","Marina_di_Carrara"
"TORINO CARDUCCI","F30","Torino_Carducci"
"NOVARA","F31","Novara"
"ALESSANDRIA","F32","Alessandria"
"BOLOGNA PORTA LAME","F40","Bologna_Porta_Lame"
"PARMA","F42","Parma"
"MODENA","F45","MODENA"
"PORTOGRUARO","F57","PORTOGRUARO"
"MESTRE","F59","MESTRE"
"FIRENZE MAGNIFICO","F60","Firenze_Magnifico"
"LIVORNO","F61","LIVORNO"
"GROSSETO","F62","GROSSETO"
"PERUGIA","F63","PERUGIA"
"ROMA FLAMINIO","F71","Roma_Flaminio"
"ROMA NOMENTANA","F72","Roma_Nomentana"
"POMEZIA","F74","POMEZIA"
"SASSARI","F75","SASSARI"
"VITERBO","F76","VITERBO"
"CAGLIARI","F77","CAGLIARI"
"FROSINONE","F78","FROSINONE"
"BARI GARIBALDI","F80","Bari_Garibaldi"
"TARANTO","F81","TARANTO"
"FOGGIA","F83","FOGGIA"
"BRINDISI","F84","BRINDISI"
"TERMOLI","F85","TERMOLI"
"BARLETTA","F86","Barletta"
"SALERNO","F91","SALERNO"
"CASERTA","F92","CASERTA"
"POTENZA","F93","POTENZA"
"ORISTANO","F94","ORISTANO"
"TORRE DEL GRECO","F96","Torre_del_Greco"
"NAPOLI FUORIGROTTA","F97","Napoli_Fuorigrotta"
"CASORIA","F99","Casoria"
"PALERMO DA VINCI","F101","Palermo_Da_Vinci"
"PALERMO LA FAVORITA","F102","Palermo_La_Favorita"
"LAMEZIA TERME","F103","Lamezia_Terme"
"MESSINA","F104","MESSINA"
"SIRACUSA","F105","SIRACUSA"
"TRAPANI","F106","TRAPANI"
"CALTANISETTA","F107","Caltanisetta"
"PATERNO'","F108","Paterno"
"ANCONA","F120","ANCONA"
"Filiale Livorno","",""
"SAN BENEDETTO","F124","S_Benedetto_del_Tronto"
"PESARO","F125","PESARO"
"ROMA VALLE AURELIA","F130","Roma_Valle_Aurelia"
"COSENZA","F141","COSENZA"
"BENEVENTO","F142","BENEVENTO"
"CALTAGIRONE","F143","CALTAGIRONE"
"BERGAMO","F144","BERGAMO"
"AREZZO","F145","AREZZO"
"GIULIANOVA","F146","GIULIANOVA"
"ACIREALE","F147","ACIREALE"
"NOLA","F148","NOLA"
"PISTOIA","F149","PISTOIA"
"MATERA","F150","MATERA"
"BUSTO ARSIZIO","F151","Busto_Arsizio"
"GALLIPOLI","F152","GALLIPOLI"
"RAGUSA","F153","Ragusa"
"VICENZA","F154","VICENZA"
"TREVISO","F155","TREVISO"
"ROMA OSTIA","F156","Roma_Ostia"
"AVERSA","F157","AVERSA"
"TERMINI IMERESE","F158","Termini_Imerese"
"NAPOLI CENTRO DIREZIONALE","F159","Napoli_Centro_Direzionale"
"FERRARA","F160","Ferrara"
"SESTO SAN GIOVANNI","F161","Sesto_S_Giovanni"
"LECCO","F162","LECCO"
"MONOPOLI","F163","MONOPOLI"
"TORINO BORGO VITTORIA","F164","Torino_Borgo_Vittoria"
"CATANIA RAPISARDI","F165","Catania_Rapisardi"
"CAMPOBASSO","F166","Campobasso"
"SAVIGLIANO","F167","SAVIGLIANO"
"FIRENZE D'ANGIO'","F168","Firenze_D_Angio"
"OLBIA","F169","OLBIA"
"SAVONA","F170","Savona"
"TERNI","F172","TERNI"
"FORLI'","F173","Forli"
"LODI","F174","LODI"
"LUCCA","F175","Lucca"
"MANTOVA","F176","MANTOVA"
"PORDENONE","F177","PORDENONE"
"SIENA","F178","SIENA"
"TERRACINA","F179","Terracina"
"TRIESTE","F180","TRIESTE"
"BIELLA","F181","Biella"
"CIVITANOVA MARCHE","F182","Civitanova_Marche"
"PIACENZA","F183","Piacenza"
"TREVIGLIO","F184","Treviglio"
"PALERMO POLITEAMA","F185","Palermo_Politeama"
"VIGEVANO","F187","VIGEVANO"
"TRENTO","F188","TRENTO"
"MAZARA DEL VALLO","F189","Mazara_Del_Vallo"
"COMO","F190","COMO"
"SARONNO","F191","SARONNO"
"NOCERA INFERIORE","F192","Nocera_Inferiore"
"EMPOLI","F193","EMPOLI"
"PISA","F194","Pisa"
"RHO","F195","Rho"
"MOLFETTA","F196","Molfetta"
"SALA CONSILINA","F198","Sala_Consilina"
"AGRIGENTO","F199","Agrigento"
"DIREZIONE COMMERCIALE","F200",""
"BARI REPUBBLICA","F202","Bari_Repubblica"
"Filiale Pisa","900",""
"Test Filiale 1","",""
"Test Filialista 2","",""
"FILIALE DUMMY","N00001",""
